State,2019
Alabama,1026.02314795074
Alaska,1200.10017556237
Arizona,1099.461710231
Arkansas,930.641213818608
California,1326.62147125064
Colorado,1192.52700757062
Connecticut,1315.39107461691
Delaware,1065.62940539828
Florida,1039.14683658241
Georgia,1087.29054738711
Hawaii,1140.92598094359
Idaho,900.642531292277
Illinois,1156.70733411895
Indiana,1083.50396339123
Iowa,992.28491973904
Kansas,1019.23787165999
Kentucky,949.691729574255
Louisiana,1037.39465951599
Maine,1000.44606661214
Maryland,1228.19380651314
Massachusetts,1340.58008989383
Michigan,1069.99220869788
Minnesota,1216.54006508484
Mississippi,897.173455892329
Missouri,1018.6734119339
Montana,942.753578774358
Nebraska,1024.8707093433
Nevada,1018.94388221932
New Hampshire,1088.32539021828
New Jersey,1206.97952847413
New Mexico,920.198708885883
New York,1262.0496305011
North Carolina,1029.45694461781
North Dakota,1094.24045776463
Ohio,1018.08543305255
Oklahoma,1016.06278570072
Oregon,1085.1032659485
Pennsylvania,1060.49046997531
Rhode Island,1074.16685875544
South Carolina,1015.3572110431
South Dakota,946.316730795322
Tennessee,1011.26487802893
Texas,1114.63156536975
Utah,1088.47826472743
Vermont,1044.36808904877
Virginia,1161.55228010125
Washington,1360.00691213353
West Virginia,990.215234076698
Wisconsin,1039.79361335189
Wyoming,1074.57844397238
