State,Severity Gun Control
California,100
New Jersey,100
Connecticut,95
New York,95
Hawaii,95
Maryland,95
Massachusetts,95
Illinois,95
Rhode Island,90
Washington,90
Delaware,80
Pennsylvania,60
Minnesota,60
Colorado,60
Nevada,60
Oregon,60
New Mexico,50
Nebraska,50
Iowa,50
Michigan,50
Wisconsin,40
Florida,40
Vermont,40
North Carolina,30
Ohio,30
Virginia,30
Utah,30
Indiana,20
Tennessee,20
New Hampshire,10
South Carolina,10
Georgia,10
Louisiana,10
Maine,10
Montana,10
Texas,10
West Virginia,10
Alabama,10
North Dakota,10
Arkansas,10
Oklahoma,10
Alaska,10
Kansas,10
South Dakota,10
Arizona,10
Kentucky,10
Missouri,10
Idaho,10
Wyoming,10
Mississippi,10
