location,age_of_shooter,Mental Health,weapon_type
Tennessee,28,No,Rifle
Michigan,43,No,Handgun
California,67,No,Handgun
California,72,Yes,Rifle
Virginia,31,No,Handgun
Colorado,22,Yes,Rifle
Virginia,22,No,Other
Carolina,15,No,Shotgun
Indiana,20,No,Rifle
Illinois,21,No,Rifle
Alabama,70,No,Handgun
Maryland,23,No,Handgun
Oklahoma,45,No,Rifle
Texas,18,Yes,Rifle
York,18,Yes,Rifle
California,-,No,Rifle
Michigan,15,No,Handgun
California,57,Yes,Handgun
Indiana,19,Yes,Rifle
California,44,No,Handgun
Colorado,21,Yes,Rifle
Georgia,21,No,Handgun
Missouri,31,No,Rifle
Wisconsin,51,No,Handgun
Jersey,-,No,Rifle
Florida,21,No,Handgun
Texas,36,Yes,Rifle
Ohio,24,No,Rifle
Texas,21,No,Rifle
California,19,No,Rifle
Virginia,40,No,Handgun
Illinois,45,Yes,Handgun
Pennsylvania,21,No,Handgun
Florida,21,Yes,Handgun
Illinois,32,No,Handgun
California,28,Yes,Handgun
Pennsylvania,46,No,Rifle
Maryland,26,No,Handgun
California,54,No,Handgun
Ohio,29,Yes,Handgun
Maryland,38,No,Shotgun
Texas,17,No,Shotgun
Tennessee,29,Yes,Rifle
California,36,Yes,Rifle
Florida,19,Yes,Rifle
Pennsylvania,28,No,Rifle
California,44,No,Rifle
Texas,26,Yes,Rifle
Colorado,47,No,Handgun
Maryland,37,No,Handgun
Nevada,64,No,Rifle
California,38,Yes,Handgun
Pennsylvania,24,No,Shotgun
Florida,45,No,Handgun
Ohio,43,Yes,Shotgun
California,39,No,Handgun
Florida,26,Yes,Handgun
Washington,20,Yes,Rifle
Lousiana,29,Yes,.22
Texas,25,No,Rifle
Florida,29,No,Rifle
Kansas,38,No,Rifle
Michigan,45,No,Handgun
California,28,No,Rifle
Colorado,57,No,Rifle
Colorado,33,No,Rifle
Oregon,26,No,Rifle
Tennessee,24,No,Rifle
Carolina,21,No,Handgun
Wisconsin,27,Yes,Handgun
Washington,15,No,Handgun
California,22,Yes,Handgun
Texas,34,No,Handgun
California,44,Unknown,Handgun
Florida,42,No,Handgun
California,23,Yes,Rifle
Washington,27,No,Shotgun
York,64,No,Shotgun
Connecticut,20,Yes,Rifle
Minnesota,36,Yes,Handgun
Wisconsin,40,Yes,Handgun
Colorado,24,Yes,Rifle
Washington,40,Yes,Handgun
California,43,Yes,Handgun
Georgia,59,Yes,Handgun
California,42,Yes,Handgun
Nevada,32,Yes,Rifle
Arizona,22,Yes,Handgun
Connecticut,34,No,Handgun
Washington,37,Yes,Handgun
Texas,39,No,Handgun
York,41,Yes,Handgun
Carolina,45,Yes,Shotgun
Kentucky,25,No,Handgun
Illinois,27,Yes,Shotgun
Missouri,52,No,Handgun
Nebraska,19,Yes,Rifle
Wisconsin,20,No,Rifle
Virginia,23,Yes,Handgun
Utah,18,No,Shotgun
Pennsylvania,32,No,Rifle
Washington,28,No,Rifle
California,44,Yes,Handgun
Minnesota,16,Yes,Shotgun
Wisconsin,44,Yes,Handgun
Ohio,25,Yes,Handgun
Mississippi,48,Yes,Rifle
Illinois,66,No,Rifle
Massachusetts,42,Yes,Rifle
Florida,36,Yes,Handgun
Hawaii,40,Yes,Handgun
Texas,47,Yes,Handgun
Georgia,44,Yes,Handgun
Colorado,17,Yes,Rifle
Oregon,15,Yes,Rifle
Arkansas,11,No,Rifle
Connecticut,35,Yes,Handgun
California,41,No,Rifle
Carolina,43,No,Handgun
Florida,41,Yes,Handgun
Texas,28,No,Handgun
Washington,20,Yes,Rifle
Colorado,19,No,Handgun
York,35,Yes,Handgun
Carolina,22,No,Rifle
California,55,No,Rifle
York,50,Yes,Handgun
California,20,No,Rifle
Michigan,31,Yes,Rifle
Iowa,28,No,.22
Texas,35,No,Handgun
Florida,42,No,Rifle
Kentucky,47,Yes,Rifle
California,26,Yes,Rifle
California,39,Yes,Rifle
Florida,59,Yes,Rifle
Oklahoma,44,No,Handgun
California,41,Yes,Rifle
Texas,39,Yes,Handgun
Florida,51,Yes,Shotgun
